,Date,Tweet
0,Sun May 20 22:00:00 +0000 2018,"I'll be sitting right here watching the @BBMAs Red Carpet for the next 2 hours. Join me! #BBMAs

https://t.co/gqjybzfhQZ"
1,Mon May 14 23:07:55 +0000 2018,SO ? MANY ? AMAZING ? PERFORMERS set for the @BBMAs. RT if you're watching! This Sunday at 8 ET/5 PT on NBC. #BBMAs https://t.co/m7enbVQcje
2,Mon May 14 00:30:45 +0000 2018,"RT @TraceeEllisRoss: I GET IT FROM MY MAMA
@dianaross ????
#MothersDay https://t.co/qaOAhHyF6f"
3,Tue Apr 24 18:05:47 +0000 2018,The @BBMAs performer announcements this week. ???? #BBMAs https://t.co/nXwhLeqDOt
4,Sat Apr 14 20:24:15 +0000 2018,"Tomorrow, @littlebigtown is taking the @ACMawards stage to pay tribute to @eltonofficial with a performance of “Roc… https://t.co/gthJL9gkUZ"
5,Fri Mar 30 16:29:09 +0000 2018,"RT @richardmarx: #FBF, performing at the @AMAs in 1990 #richardmarx https://t.co/ZnKupYHd1F"
6,Wed Mar 28 17:32:58 +0000 2018,A million happy birthday wishes to @ladygaga! ?? https://t.co/Qyckh4BTqX
7,Mon Mar 26 17:12:32 +0000 2018,"LIFETIME ACHIEVEMENT. ?? 

Happy birthday, Ms. Ross! https://t.co/0Pzs84ooG2"
8,Mon Mar 26 16:34:15 +0000 2018,"RT @ACMawards: The ACM for New Vocal Group of the Year goes to @MidlandOfficial! And yes, that really was @Reba on the phone! #ACMawards ht…"
9,Mon Mar 26 16:34:09 +0000 2018,"RT @ACMawards: In case you didn’t know, the ACM for New Male Vocalist of the Year goes to @BrettYoungMusic. Check out his reaction when @Re…"
10,Mon Mar 26 16:34:02 +0000 2018,RT @ACMawards: Over the weekend @Reba called the ACM New Artist of the Year winners to let them know they had won! Let’s just say our New F…
11,Tue Mar 20 17:07:51 +0000 2018,RT @katyperry: Yes I brought you back cause I believe in you... and then America voted you back on the @AMAs ?? https://t.co/aeNrfnaeKh
12,Fri Mar 09 00:33:31 +0000 2018,BOSS... the host of the 2017 #AMAs. ? Enough said. #InternationalWomensDay https://t.co/gqWBoppXla
13,Thu Mar 08 20:50:17 +0000 2018,"A driven, stunning and talented woman... the 2016 #AMAs host. #InternationalWomensDay https://t.co/W8fZHmqP7d"
14,Thu Mar 08 18:16:33 +0000 2018,"One inspiring, powerful and strong woman... the host of the 2015 #AMAs. ? #InternationalWomensDay https://t.co/0HAI7cchx0"
15,Thu Mar 01 20:40:36 +0000 2018,"It’s definitely not too late to say HBD JB! Happy 24th birthday, @justinbieber ? https://t.co/TDkNaUrvGg"
16,Mon Feb 26 23:01:26 +0000 2018,".@BTS_twt ARMY LAST CALL! ? The last day to order your #BTSxAMAs pins and patches is this Wednesday, February 28th!… https://t.co/uGYxBGojL1"
17,Tue Feb 20 22:43:49 +0000 2018,Happy birthday QUEEN RIRI! ? @rihanna https://t.co/FeuioRe7R4
18,Tue Feb 20 20:49:39 +0000 2018,"RT @donnyosmond: 2/19/74 @michaeljackson and I hosted the very 1st @AMAs. Can't believe this was 44 years ago! Missing you today, #MJ. Who…"
19,Thu Feb 15 19:07:08 +0000 2018,@ss_shawarmy @BTS_twt ??
20,Sun May 20 22:00:00 +0000 2018,"I'll be sitting right here watching the @BBMAs Red Carpet for the next 2 hours. Join me! #BBMAs

https://t.co/gqjybzfhQZ"
21,Mon May 14 23:07:55 +0000 2018,SO ? MANY ? AMAZING ? PERFORMERS set for the @BBMAs. RT if you're watching! This Sunday at 8 ET/5 PT on NBC. #BBMAs https://t.co/m7enbVQcje
22,Mon May 14 00:30:45 +0000 2018,"RT @TraceeEllisRoss: I GET IT FROM MY MAMA
@dianaross ????
#MothersDay https://t.co/qaOAhHyF6f"
23,Tue Apr 24 18:05:47 +0000 2018,The @BBMAs performer announcements this week. ???? #BBMAs https://t.co/nXwhLeqDOt
24,Sat Apr 14 20:24:15 +0000 2018,"Tomorrow, @littlebigtown is taking the @ACMawards stage to pay tribute to @eltonofficial with a performance of “Roc… https://t.co/gthJL9gkUZ"
25,Fri Mar 30 16:29:09 +0000 2018,"RT @richardmarx: #FBF, performing at the @AMAs in 1990 #richardmarx https://t.co/ZnKupYHd1F"
26,Wed Mar 28 17:32:58 +0000 2018,A million happy birthday wishes to @ladygaga! ?? https://t.co/Qyckh4BTqX
27,Mon Mar 26 17:12:32 +0000 2018,"LIFETIME ACHIEVEMENT. ?? 

Happy birthday, Ms. Ross! https://t.co/0Pzs84ooG2"
28,Mon Mar 26 16:34:15 +0000 2018,"RT @ACMawards: The ACM for New Vocal Group of the Year goes to @MidlandOfficial! And yes, that really was @Reba on the phone! #ACMawards ht…"
29,Mon Mar 26 16:34:09 +0000 2018,"RT @ACMawards: In case you didn’t know, the ACM for New Male Vocalist of the Year goes to @BrettYoungMusic. Check out his reaction when @Re…"
30,Mon Mar 26 16:34:02 +0000 2018,RT @ACMawards: Over the weekend @Reba called the ACM New Artist of the Year winners to let them know they had won! Let’s just say our New F…
31,Tue Mar 20 17:07:51 +0000 2018,RT @katyperry: Yes I brought you back cause I believe in you... and then America voted you back on the @AMAs ?? https://t.co/aeNrfnaeKh
32,Fri Mar 09 00:33:31 +0000 2018,BOSS... the host of the 2017 #AMAs. ? Enough said. #InternationalWomensDay https://t.co/gqWBoppXla
33,Thu Mar 08 20:50:17 +0000 2018,"A driven, stunning and talented woman... the 2016 #AMAs host. #InternationalWomensDay https://t.co/W8fZHmqP7d"
34,Thu Mar 08 18:16:33 +0000 2018,"One inspiring, powerful and strong woman... the host of the 2015 #AMAs. ? #InternationalWomensDay https://t.co/0HAI7cchx0"
35,Thu Mar 01 20:40:36 +0000 2018,"It’s definitely not too late to say HBD JB! Happy 24th birthday, @justinbieber ? https://t.co/TDkNaUrvGg"
36,Mon Feb 26 23:01:26 +0000 2018,".@BTS_twt ARMY LAST CALL! ? The last day to order your #BTSxAMAs pins and patches is this Wednesday, February 28th!… https://t.co/uGYxBGojL1"
37,Tue Feb 20 22:43:49 +0000 2018,Happy birthday QUEEN RIRI! ? @rihanna https://t.co/FeuioRe7R4
38,Tue Feb 20 20:49:39 +0000 2018,"RT @donnyosmond: 2/19/74 @michaeljackson and I hosted the very 1st @AMAs. Can't believe this was 44 years ago! Missing you today, #MJ. Who…"
39,Thu Feb 15 19:07:08 +0000 2018,@ss_shawarmy @BTS_twt ??
40,Thu Feb 15 19:04:04 +0000 2018,"“The #AMAs were the biggest gift we could have gotten from our fans."" #BTSonBillboard https://t.co/gXcdRwRGQA"
41,Wed Feb 14 17:44:46 +0000 2018,"Get you someone who looks at you the way @keithurban looks at Nicole Kidman. ? Happy #ValentinesDay, loves! https://t.co/tLJgv87TBA"
42,Tue Feb 13 17:00:07 +0000 2018,"NEW DATE, SAME UNFORGETTABLE NIGHT. 

The 2018 American Music Awards will be LIVE Tuesday, October 9th on ABC. #AMAs https://t.co/WOoB79Gt6j"
43,Mon Feb 12 19:25:45 +0000 2018,"Congrats, @BTS_twt! ?? #DNAwentGOLD https://t.co/9Xc0tRxE9T"
44,Sun Feb 11 22:01:08 +0000 2018,"Happy birthday, @thegreatkhalid! ???? https://t.co/rxWa2AnfK8"
45,Thu Feb 08 21:58:16 +0000 2018,@joafrcaetano @Pink ME TOO! I watched it again today and CHILLS.
46,Thu Feb 08 21:53:40 +0000 2018,Forever inspired by @Pink. ? #tbt https://t.co/SGJlp4i4O6
47,Mon Feb 05 00:54:17 +0000 2018,Running to the living room for #JTSuperbowl like... ?? #Superbowl https://t.co/s42oqe5Go0
48,Wed Jan 31 17:40:28 +0000 2018,"Hey, if you know what's good, you know it's @jtimberlake's birthday! ? HBD JT and good luck this weekend! ? Throw ?… https://t.co/am2gyeHbjJ"
49,Wed Jan 31 17:14:47 +0000 2018,"RT @TheTimMcGraw: From the 2016 @AMAs
Photo by Frederick M. Brown
#TeamMcGraw https://t.co/53QR87agcp"
50,Fri Jan 26 21:55:43 +0000 2018,Love this photo. Love this cartoon. ? https://t.co/wZkTTt8nEH
51,Fri Jan 26 21:53:27 +0000 2018,@alulawings @ShawnMendes @NiallOfficial this is amazing
52,Fri Jan 26 18:27:44 +0000 2018,@kthtoh @BTS_twt YAY!!
53,Fri Jan 26 18:26:47 +0000 2018,@nnicepaprika ???
54,Fri Jan 26 18:26:27 +0000 2018,@GoosyBanshee yessssss ??
55,Fri Jan 26 18:18:30 +0000 2018,#AMAs in B&amp;W ? https://t.co/mEvzJlTZpd
56,Thu Jan 25 18:39:33 +0000 2018,"Today, 25 years ago, were the 1993 #AMAs! Michael Jackson took home three awards and @MariahCarey &amp; @reba each won… https://t.co/yFIllYxCkf"
57,Thu Jan 25 18:26:31 +0000 2018,"RT @PearlJam: #OnThisDay in 1993, #PearlJam won two @AMAs for Favorite New Artist - Pop/Rock and Favorite New Artist - Heavy Metal/Hard Roc…"
58,Mon Jan 22 22:29:06 +0000 2018,"On this day in 1990, @JanetJackson took home TWO #AMAs including Favorite Single - Dance Music. ? https://t.co/lGzZD2Nnz7"
59,Mon Jan 22 21:52:46 +0000 2018,"RT @destinyschild: .@KELLYROWLAND, @Beyonce and @RealMichelleW took home two trophies at the 29th Annual @AMAs, held #OTD in 2002! The grou…"
60,Mon Jan 22 21:52:36 +0000 2018,"RT @NKOTB: ""Music truly is the international language and the universal language, even if it is spoken with a Boston accent."" 28 years to t…"
61,Wed Jan 17 19:40:21 +0000 2018,I have watched the 2017 #AMAs Instagram Story SO many times and now you can too because we re-posted it! Go watch a… https://t.co/lNvNiijCcI
62,Tue Jan 16 19:53:25 +0000 2018,"RT @BBMAs: Let the countdown BEGIN. ?

The 2018 #BBMAs are LIVE coast-to-coast on Sunday, May 20th at 8pm ET/5pm PT on @NBC. https://t.co/G…"
63,Tue Jan 09 20:24:12 +0000 2018,RT @SpringMochin: my pin ? #BTSxAMAs @BTS_twt https://t.co/iYFbaTUvMT
64,Tue Jan 09 20:23:45 +0000 2018,"RT @mazie_JM: Finally sewed #BTSxAMAs patch onto my favorite bomber jacket...???
...means I will definitely wear to work 
@BTS_twt https://…"
65,Thu Jan 04 01:36:30 +0000 2018,Did @thegreatkhalid have the time of his life performing on @NYRE? The answer is absolutely yes. PROOF:… https://t.co/OhHo8HafJv
66,Wed Jan 03 20:33:32 +0000 2018,Because you can never have too many photos of @BTS_twt on @NYRE... here are ALL OF THEM! Tweet me your favorite one… https://t.co/ys8hsY0LCG
67,Wed Jan 03 00:59:44 +0000 2018,If you didn't see @NYRE on Sunday (I'm really sorry to hear that) but here are a ton of photos of what you missed:… https://t.co/kFv3oNnQmQ
68,Sun Dec 31 14:30:36 +0000 2017,Where to find @nickjonas tonight? He’s performing LIVE from Times Square on @NYRE! Ring in the new year at 8/7c on… https://t.co/BFAdU9EUlg
69,Wed Dec 27 00:31:02 +0000 2017,RT @Trinity_Lei: Look what came in today! I love them ?? @BTS_twt @bts_bighit #BTS #BTSxAMAs https://t.co/nJzAItE2qY
70,Wed Dec 27 00:30:56 +0000 2017,RT @jaimemrozek: finally got my #BTSxAMAs pin in the mail and it’s so cute!!! I’m gonna wear it with pride to show my support for my boys @…
71,Wed Dec 27 00:28:18 +0000 2017,RT @JIMlNOPPA: my #BTSxAMAs patches and pins came :-) @BTS_twt https://t.co/2ErtL9X09B
72,Wed Dec 27 00:28:12 +0000 2017,"RT @kaleidoscopebts: #BTSxAMAs, so exited to have received these pins for Christmas! Definitely representing @BTS_twt's #ARMY today! https:…"
73,Wed Dec 27 00:27:29 +0000 2017,"RT @TheTimMcGraw: @AMAs 2016 
Photo by Frederick M. Brown
#TeamMcGraw https://t.co/hTlOlD0RnU"
74,Tue Dec 26 18:30:00 +0000 2017,"Happy birthday to the one and only, @JaredLeto ?? https://t.co/Lj55oyiDjj"
75,Wed Dec 20 19:07:12 +0000 2017,I had my ? fingers crossed ? that @Imaginedragons and @thegreatkhalid would release their Thunder / Young Dumb &amp; Br… https://t.co/njPiNXc5th
76,Tue Dec 19 19:18:06 +0000 2017,THIS IS FANTASTIC NEWS! ? https://t.co/fLstdqsVRY
77,Mon Dec 18 17:03:06 +0000 2017,"Happy birthday, @xtina ? https://t.co/bCZyKwqBcq"
78,Thu Dec 14 20:36:54 +0000 2017,Here’s a #DEMIxAMAs #TBT. Sorry not sorry. ???? @ddlovato https://t.co/f6ogXS8Sv0
79,Thu Dec 14 20:30:53 +0000 2017,"RT @NYRE: ? #RockinEve Hollywood Party lineup hosted by @Ciara:

@Alesso
@kanebrown
@BTS_twt
@alessiacara
@kelly_clarkson
@FitzAndTantrums…"
80,Mon Dec 11 18:06:24 +0000 2017,"Happy 21st birthday, @HaileeSteinfeld ? https://t.co/gdkQhN1Jpv"
81,Fri Dec 08 22:25:06 +0000 2017,#FridayFeeling heading into the weekend like ? @marshmellomusic https://t.co/LkMijRQy68
82,Fri Dec 08 19:10:07 +0000 2017,"Happy birthday to 6-time #AMAs winner, @NICKIMINAJ ? https://t.co/fLLZ5pQBWt"
83,Thu Dec 07 22:21:06 +0000 2017,To get to you. ?? #TBT https://t.co/ljOi0uz6IJ
84,Thu Dec 07 19:03:50 +0000 2017,Send this tweet to someone you hope *takes a hint* about what to get you for the holidays. ? https://t.co/ltJYLC22Am https://t.co/3gW9lr8ptf
85,Mon Dec 04 17:32:54 +0000 2017,Just a reminder that @Pink performed on the side of a skyscraper. #MondayMotivation https://t.co/SQSelMJoqj
86,Sat Dec 02 15:21:47 +0000 2017,RT @JorgeBlancoG: .@AMAs Thank you for including my new song with @kriskrossadam #GoneIsTheNight!! ?? https://t.co/pVeKBioClD
87,Sat Dec 02 01:07:12 +0000 2017,I made you a playlist of new tunes to get you ready for the weekend called Friday First Listen! Bump to these tunes… https://t.co/uqD5Dq3luL
88,Fri Dec 01 22:21:34 +0000 2017,"RT @TraceeEllisRoss: Got to meet @BTS_twt at the @AMAS! ?#AMAs #FBF
?: @CatieLaffoon https://t.co/Vt3lhiCIdL"
89,Fri Dec 01 21:25:41 +0000 2017,RT @thegreatkhalid: ??? https://t.co/UgUbQh3V2n
90,Fri Dec 01 21:04:50 +0000 2017,"This year, we invited inspiring photographers and music fans to photograph the #AMAs red carpet! The unbreakable bo… https://t.co/P2MjbH7XG3"
91,Fri Dec 01 19:42:46 +0000 2017,@Iggy_proof @ladygaga Amazing!
92,Fri Dec 01 19:20:54 +0000 2017,TGIF mood. ?? @alessiacara https://t.co/b0JQseXDlh
93,Thu Nov 30 20:38:50 +0000 2017,"#TBT to that time @selenagomez rocked the #AMAs red carpet in leather and blonde hair. ? #SELENAxAMAs 

?:… https://t.co/OV3Px5Hidk"
94,Thu Nov 30 18:37:33 +0000 2017,"""Thank you to our fans for making this happen for us. This is insane."" 

@TheChainsmokers #TBT #AMAs https://t.co/5yKV6WuA6i"
95,Wed Nov 29 22:21:53 +0000 2017,RT @billboard: BTS surge up the album &amp; song charts following their American Music Awards performance https://t.co/mjvQsKRqml
96,Wed Nov 29 22:07:28 +0000 2017,?? I miss #BTSxAMAs https://t.co/4FbfHoZCH5
97,Wed Nov 29 18:34:42 +0000 2017,"""Take a moment to appreciate what you've got and #MakeChesterProud."" @linkinpark #AMAs https://t.co/SpoO0hSXnK"
98,Wed Nov 29 01:09:53 +0000 2017,A touching moment between @xtina and Pat Houston after her tribute to Whitney Houston at the #AMAs. ?… https://t.co/IWFG8sd4vJ
99,Tue Nov 28 18:25:00 +0000 2017,"OH... hello there, @AnselElgort ? #AMAs https://t.co/UTPHOCjs3q"
100,Mon Nov 27 22:02:39 +0000 2017,Stunning. ? @violadavis x #AMAs https://t.co/u1zfoClfFy
101,Mon Nov 27 20:15:06 +0000 2017,"Hey, @NiallOfficial ? That #AMAs trophy looks good on you. #NIALLxAMAs https://t.co/liagWh3Xbx"
102,Sun Nov 26 18:28:26 +0000 2017,"HE THE BEST! ?? Happy birthday, @djkhaled! https://t.co/QriBqT9e4h"
103,Fri Nov 24 21:36:00 +0000 2017,"What was your favorite @NickJonas #AMAs moment? Tweet me!

https://t.co/2WAdKcqYgr"
104,Fri Nov 24 19:22:00 +0000 2017,"If I could have just one ounce of @ddlovato's fierceness, life would be great. #DEMIxAMAs 

https://t.co/4mwc0s1n7w"
105,Fri Nov 24 17:38:17 +0000 2017,RT @HannahStocking: this is so accurate ? https://t.co/NUqyilfE9u
106,Fri Nov 24 17:31:58 +0000 2017,#ARMYxAMAs! There are still #BTSxAMAs pins and patches available. Get them here ?? https://t.co/ltJYLC22Am and twee… https://t.co/9gcqPaczJo
107,Fri Nov 24 03:38:00 +0000 2017,"When you look around you and are thankful for everything you have

Happy Thanksgiving! https://t.co/Li9fO8PmIi https://t.co/xDTb4IkHN5"
108,Fri Nov 24 02:20:01 +0000 2017,"When you’re trying to get a game of football going but everyone’s too tired

Happy Thanksgiving!… https://t.co/F1tPUdT7K8"
109,Fri Nov 24 01:36:00 +0000 2017,"When you’re sitting at the kids table and trying to make the baby laugh

Happy Thanksgiving! https://t.co/Li9fO8PmIi https://t.co/QseqRPCb2e"
110,Fri Nov 24 00:15:00 +0000 2017,"When you overhear your parents bragging about how well you’re doing in school

Happy Thanksgiving!… https://t.co/6Y2pE63asU"
111,Thu Nov 23 22:35:00 +0000 2017,"When your mouth just wants to keep eating but your stomach can’t take any more

Happy Thanksgiving!… https://t.co/7kna3wgHiF"
112,Thu Nov 23 21:15:00 +0000 2017,"When your uncles get into a hilarious argument that you have to share

Happy Thanksgiving! https://t.co/Li9fO96Y6S https://t.co/MK0TgGBK6a"
113,Thu Nov 23 20:12:00 +0000 2017,"When you’re the only one watching sports on TV and your favorite team scores

Happy Thanksgiving!… https://t.co/ntpwAZxFkR"
114,Thu Nov 23 19:00:00 +0000 2017,"When you reunite with your favorite cousin that you haven’t seen in a year

Happy Thanksgiving!… https://t.co/rugCp43yU4"
115,Thu Nov 23 18:22:18 +0000 2017,RT @TheEllenShow: Andy Zenor hit the red carpet of the #AMAs with the biggest stars and a lot of drinking. https://t.co/ti5WLBK1vH
116,Thu Nov 23 18:19:27 +0000 2017,RT @xtina: #amas x @vevo https://t.co/j4ZlZlU21e #whitneyxchristina https://t.co/6yXtPFDeDH
117,Thu Nov 23 18:09:41 +0000 2017,"When your phone gives you the wrong directions to your dinner and you’re now in a strange part of town

Happy Thank… https://t.co/OFexjdS4L4"
118,Thu Nov 23 01:37:05 +0000 2017,S/O to @portugaltheman. ?? We had so much fun at the #AMAs w you! https://t.co/6D4EZ0qn8V
119,Thu Nov 23 00:00:02 +0000 2017,"V thankful for all of the amazing collaborations the #AMAs brings together each year. ?

https://t.co/F6cJmA8iJO"
120,Wed Nov 22 22:47:00 +0000 2017,"You're welcome. #SHAWNxAMAs 

https://t.co/nw5eyQXvrh"
121,Wed Nov 22 21:58:01 +0000 2017,.@patrickstarrr BROUGHT ? IT ? to the #AMAs red carpet. ? https://t.co/bJttER236F
122,Wed Nov 22 20:41:00 +0000 2017,The show may be over ? but the #AMAs lives on with @FLAGALine &amp; @BebeRexha's exclusive encore performance on… https://t.co/0cyEc3TVRY
123,Wed Nov 22 19:19:32 +0000 2017,Happy #NationalJukeboxDay! Celebrate with @TouchTunes jukeboxes today and go listen to the #AMAs playlist. ? https://t.co/X8G6ghOoDc
124,Wed Nov 22 18:15:09 +0000 2017,Just your casual #AMAs red carpet slayage by @ALISHAMARIE ? https://t.co/2e708kFwy4
125,Wed Nov 22 17:21:19 +0000 2017,"RT @xtina: #whitneyxchristina x @amas
https://t.co/lKhLOBCRDz"
126,Wed Nov 22 01:51:18 +0000 2017,RT @NiallOfficial: Maybe so ??. https://t.co/8V2Fi3ZvKP
127,Wed Nov 22 01:23:06 +0000 2017,.@calebrmclaughl1 #AMAs arrival on point. ? https://t.co/y8LD2jbydf
128,Wed Nov 22 00:25:00 +0000 2017,"I have permanent chills from @xtina's Whitney Houston tribute at the #AMAs. #WHITNEYxCHRISTINA 

https://t.co/TJjiAWgT4R"
129,Tue Nov 21 23:35:00 +0000 2017,.@FLAGALine? ?? @BebeRexha? ?? The only thing missing is YOU. Be sure to watch their #AMAs encore performance on… https://t.co/I8iDP6wtIf
130,Tue Nov 21 22:40:00 +0000 2017,"Okay guys, we really need to talk about something: I'm going to go out on a limb and declare that @NiallOfficial is… https://t.co/LRPWxWfTXI"
131,Tue Nov 21 21:52:02 +0000 2017,Rock the pant suit ?? @HaileeSteinfeld ? #AMAs https://t.co/HqUDVvkEg9
132,Tue Nov 21 21:38:15 +0000 2017,"RT @Zedd: If you missed #Stay on the AMAs, you can watch @alessiacara and I performing it here: https://t.co/TmWQRA6Af5 https://t.co/wR5ihi…"
133,Tue Nov 21 21:31:58 +0000 2017,RT @FLAGALine: Our @AMAs encore performance of 'Meant to Be' with @BebeRexha is LIVE on @Xfinity on Demand right now! What did y'all think?…
134,Tue Nov 21 21:06:04 +0000 2017,I just ? @FLAGALine so much! Some consider these two the ? KINGS ? of collaborations. #AMAs https://t.co/w0nK7MjBDM
135,Tue Nov 21 20:22:05 +0000 2017,.@Macklemore looking ? in ? ! #AMAs https://t.co/OlLLDhJtMo
136,Tue Nov 21 19:59:38 +0000 2017,RT @macklemore: Incredible time at the @AMAs with @SkylarGrey . Check it out! Full performance here: https://t.co/9sm1BU0XXm https://t.co/u…
137,Tue Nov 21 19:48:49 +0000 2017,Can we talk about that time @Pink was literally performing from the side of a Los Angeles sky scraper? Like WHO DOE… https://t.co/4IRQp7gzfD
138,Tue Nov 21 19:21:00 +0000 2017,RT @xtina: ? ?@amas #whitneyxchristina https://t.co/SOkjDKDpLk
139,Tue Nov 21 19:01:17 +0000 2017,What a GORGEOUS couple. ? @AnselElgort &amp; Violetta Komyshan! https://t.co/R6vu31opmB
140,Tue Nov 21 18:37:37 +0000 2017,RT @JessicaSimpson: Favorite @AMAs performance?
141,Tue Nov 21 17:55:10 +0000 2017,RT @nickjonas: Great energy at the #AMAs this year. Always a fun time. Thank you @amas for inviting me to perform #FindYou. @shawnmendes @A…
142,Tue Nov 21 17:17:28 +0000 2017,"I'm not crying, you're crying! Re-watch all of the acceptance speeches from the #AMAs ?

https://t.co/el1OsIEPCN"
143,Tue Nov 21 06:37:33 +0000 2017,RT @TouchTunes: How awesome were the #AMAs last night!? So excited #NationalJukeboxDay is THIS Wednesday. ? #MotivationMonday https://t.co/…
144,Tue Nov 21 06:35:21 +0000 2017,@liamgiggles @NiallOfficial @ShawnMendes Omg hi!!!
145,Tue Nov 21 05:32:12 +0000 2017,RT @Alesso: Thanks for having me @AMAs https://t.co/FiykYWTtgY
146,Tue Nov 21 05:32:07 +0000 2017,RT @djkhaled: This how I'm feeling after winning a @amas !! I WILL NEVER STOP !!!!! @wethebestmusic @rocnation… https://t.co/MDgfgZYmVm
147,Tue Nov 21 03:24:03 +0000 2017,They have so much LOVE for their #ARMY. Check out a behind-the-scenes feature of @BTS_twt's #AMAs rehearsal! ?… https://t.co/u2HEMYlxGv
148,Tue Nov 21 02:37:00 +0000 2017,Huge shoutout to the girl sitting right behind @NiallOfficial and @ShawnMendes at the #AMAs - hit us up. We need to… https://t.co/WGhrKDn6JH
149,Tue Nov 21 02:06:01 +0000 2017,"It wasn't a dream, @Pink actually performed on the side of a building at the #AMAs. https://t.co/MjTbWVLwUk… https://t.co/tooKx7peCo"
150,Tue Nov 21 01:32:00 +0000 2017,"Umm, we need to talk about how awesome @selenagomez's night was at the #AMAs. https://t.co/oYeX8V2PGj #SELENAxAMAs https://t.co/ArMOJ6bAfH"
151,Tue Nov 21 01:10:00 +0000 2017,"I want to know what your favorite #AMAs red carpet looks are! Vote for them here. ??

https://t.co/BSCkQIkqIE"
152,Tue Nov 21 00:40:05 +0000 2017,"When #ThisisUs &amp; #Riverdale collide at the #AMAs. ??? 

@ChrissyMetz @kj_apa https://t.co/XpSVzOuJi6"
153,Tue Nov 21 00:27:10 +0000 2017,RT @BebeRexha: The @AMAs #MeantToBe encore performance w @FLAGALine is still up to watch on @xfinity on demand!! Watch now #AMAs https://t.…
154,Tue Nov 21 00:26:47 +0000 2017,RT @ParisHilton: @Xtina #Killedit during her #WhitneyHoustonTribute at the #AMAs. ? #iconic
155,Tue Nov 21 00:05:06 +0000 2017,.@marshmellomusic lookin' dapper! #AMAs https://t.co/v6vMuAdv2k
156,Mon Nov 20 23:55:37 +0000 2017,RT @Pink: ??????????? https://t.co/35wotkUI95
157,Mon Nov 20 23:34:00 +0000 2017,"They say that there's no such thing as *perfect* but who are ""they"" and did they see @BTS_twt's #AMAs performance b… https://t.co/SfUeHV0FW3"
158,Mon Nov 20 23:23:11 +0000 2017,RT @Imaginedragons: but last night @thegreatkhalid https://t.co/S1wm46huKr
159,Mon Nov 20 23:23:07 +0000 2017,RT @Zedd: Thank you @AMAs ?? https://t.co/KSYD2shy6X
160,Mon Nov 20 23:22:57 +0000 2017,RT @BTS_twt: with @PostMalone ???? https://t.co/dxOsy8HJrC
161,Mon Nov 20 23:22:44 +0000 2017,"RT @HaileeSteinfeld: THANK YOU @AMAs ????

#LETMEGO https://t.co/7By852Z0Gj"
162,Mon Nov 20 23:22:40 +0000 2017,RT @ladygaga: We had a killer time performing and I’m so honored that we won Favorite Pop/Rock female I was so surprised I “ugly cried”. My…
163,Mon Nov 20 23:22:37 +0000 2017,RT @ladygaga: Behind the Scenes Last night getting ready for the #AmericanMusicAwards2017 show with Hair @faspiras Makeup @SarahTanno @Face…
164,Mon Nov 20 23:05:00 +0000 2017,Head on over ?? to @Xfinity On Demand NOW to watch @FLAGALine &amp; @BebeRexha's #AMAs encore performance of 'Meant to… https://t.co/C2w5IScVHc
165,Mon Nov 20 22:32:00 +0000 2017,Our very own Diamond Diana on stage at our 45th American Music Awards! Our favorite songs are now available on her… https://t.co/FPdtlUhtS7
166,Mon Nov 20 22:02:01 +0000 2017,Thanks for COMING THRU @djkhaled and @asahdkhaled! #AMAs https://t.co/ya0GsrAY6g
167,Mon Nov 20 21:42:22 +0000 2017,"RT @IISuperwomanII: I don't care if I broke my damn ankles, I met the fine af humans that comprise @bts_bighit #AMAs
https://t.co/TiWVDbwfny"
168,Mon Nov 20 21:22:00 +0000 2017,When you realize it's a short work week. @nickjonas #AMAs https://t.co/GW0tsWEuI8
169,Mon Nov 20 21:00:02 +0000 2017,".@NiallOfficial be like ¯\_(?)_/¯ 

More audience pics from the #AMAs: https://t.co/eDmNlckkxI https://t.co/Dk5TM42pnV"
170,Mon Nov 20 20:26:40 +0000 2017,"RT @QuavoStuntin: I WON a AMA AWARD 
God Is Good
#AMAs2017
#imtheone
Fav Hip Hop Song"
171,Mon Nov 20 20:26:17 +0000 2017,RT @portugaltheman: Whoa. How they do that @AMAs #AMAs https://t.co/YgmQ0CSu1c
172,Mon Nov 20 20:11:21 +0000 2017,".@ShawnMendes HAS TO KNOW that when he smiles like this, we all melt into puddles on the floor. Yet he does it anyw… https://t.co/Df062fnZVZ"
173,Mon Nov 20 19:35:52 +0000 2017,Thank you SO MUCH to @GIPHY for GIF-ing the #AMAs last night! All the GIFs: https://t.co/OhtvPzFzfS https://t.co/8MfwdtgTbS
174,Mon Nov 20 19:24:23 +0000 2017,.@lilireinhart &amp; @CamilaMendes from #Riverdale looked drop dead GORGEOUS at the #AMAs! ? https://t.co/eTbYP7Uu2o
175,Mon Nov 20 19:15:13 +0000 2017,RT @ddlovato: I see you @BTS_twt ??? #SORRYNOTSORRY https://t.co/kULRHBlboD
176,Mon Nov 20 19:15:07 +0000 2017,RT @kelly_clarkson: Loved walking the carpet last night with our daughters ? #Savannah #RiverRose #WholeLottaWomen ? https://t.co/efwrXa67Ng
177,Mon Nov 20 19:14:34 +0000 2017,RT @DianaRoss: This is what's love is all about - I'm sending Love to our global family.  #AMAs https://t.co/MZgtdbtTIM
178,Mon Nov 20 19:00:03 +0000 2017,"Here is a full list of winners at the 45th American Music Awards! #AMAs 

https://t.co/g6slao5Qr7"
179,Mon Nov 20 18:35:44 +0000 2017,RT @marshmellomusic: What a performance ?? @selenagomez @thisiswatt @AMAs https://t.co/JAeAewJy20
180,Mon Nov 20 18:34:05 +0000 2017,"Ok WOW I see you, @jennadewan! ? #AMAs https://t.co/h98JyfAXmo"
181,Mon Nov 20 18:15:06 +0000 2017,Lights. ? Camera. ? Action. ? @zedd #STAYxAMAs https://t.co/WqjVBL0NLf
182,Mon Nov 20 18:02:06 +0000 2017,Hiii @Pink you are perfect! ? #AMAs https://t.co/rxBOhEQDUt
183,Mon Nov 20 17:46:03 +0000 2017,.@G_Eazy makes looking this good look easy! ? #AMAs https://t.co/sSXEa9mUrd
184,Mon Nov 20 17:30:01 +0000 2017,Isn't @KELLYROWLAND just FABULOUS? ?? She gave some extra love to @Pink &amp; @DianaRoss before the show. #AMAs https://t.co/cm61GHGmE4
185,Mon Nov 20 17:10:00 +0000 2017,"These stars had FUN on social media ahead of the #AMAs! ?

https://t.co/rlvbVlPRgt"
186,Mon Nov 20 17:04:16 +0000 2017,RT @Lin_Manuel: Yowza! Thanks @AMAs! https://t.co/q8y95XNAhI
187,Mon Nov 20 17:00:43 +0000 2017,RT @jessetyler: Thanks for the snacks! #AmericanMusicAwards2017 https://t.co/r9Q9ZQouST
188,Mon Nov 20 16:54:04 +0000 2017,"RT @justinhartley: Hahaha.  Yeah, that was wonderful.  I’ve never seen anything like that before. @Pink #AMAs https://t.co/nnZC7HQLHj"
189,Mon Nov 20 16:49:06 +0000 2017,RT @katyperry: HOLY SHIT @PINK'S @AMA PERFORMANCE IS THE STUFF OF LEGEND
190,Mon Nov 20 16:48:34 +0000 2017,"RT @carrieunderwood: So amazing!!! Thank you, fans, for this! I so wanted to go to the #AMAs just in case because I know how hard you’ve be…"
191,Mon Nov 20 16:47:34 +0000 2017,RT @BTS_twt: aRMy the bESt !! ? #BTSxAMAs https://t.co/ABIjDJzIWR
192,Mon Nov 20 16:46:24 +0000 2017,@ladygaga Wow chills!! Congratulations! ? #GAGAxAMAs
193,Mon Nov 20 16:45:54 +0000 2017,RT @ladygaga: Last night was one of the best nights of my life! We loved performing “The Cure” I was honored to win #AmericanMusicAwards201…
194,Mon Nov 20 16:45:06 +0000 2017,"Before @portugaltheman performed 'Feel It Still' at the #AMAs, they stopped by on the red carpet! #PTMxAMAs https://t.co/PsbwsMhQ55"
195,Mon Nov 20 16:05:01 +0000 2017,"OH. MY. GOSH. DID YOU SEE THESE AWESOME #AMAs PERFORMANCES? 

https://t.co/mU0jpNVepW"
196,Mon Nov 20 15:43:28 +0000 2017,Can’t get @nickjonas’ ‘Find You’ out of my head and I’m really not mad about it. ? #NICKJONASxAMAs #AMAs https://t.co/QwM39z1SZq
197,Mon Nov 20 15:32:07 +0000 2017,RT @Alesso: Thank you @AMAs for a special night. Love @john and @postmalone hanging out in the background of this interview. https://t.co/U…
198,Mon Nov 20 15:31:48 +0000 2017,"RT @marshmellomusic: I honestly couldn’t be any more happy while watching @selenagomez deliver that performance. Her talent is unreal, bles…"
199,Mon Nov 20 15:31:02 +0000 2017,RT @portugaltheman: @AMAs So much fun!!! That was ridiculous! DIANA ROSS!
